global.masterVolume	slider	0.80000	0	0.0000..1.0000
global.transpose	slider	0.50000	0	-12.0000..12.0000
global.fineTune	slider	0.50000	0	-100.0000..100.0000
global.midiChannel	slider	0.00000	0	1.0000..16.0000
global.ccRx	toggle	1.00000	2	on|off
global.clockRx	toggle	1.00000	2	on|off
perf.keyboardMode	combo	0.00000	3	SINGLE|DUAL|SPLIT
perf.singleLayer	combo	0.00000	2	UPPER|LOWER
perf.splitPoint	slider	0.47244	0	0.0000..127.0000
perf.lowerDetune	slider	0.50000	0	-7.0000..7.0000
perf.perfDetune	slider	0.50000	0	-7.0000..7.0000
perf.tempo	slider	0.33333	0	30.0000..300.0000
perf.ribbon	slider	0.50000	0	0.0000..1.0000
perf.modLayer	combo	0.00000	3	BOTH|LOWER|UPPER
perf.portaLayer	combo	0.00000	3	BOTH|LOWER|UPPER
upper.dds1.wave	combo	0.20000	6	SINE|SAW|SQUARE|TRIANGLE|NOISE|ALT
upper.dds1.range	combo	0.60000	6	64'|32'|16'|8'|4'|2'
upper.dds1.altA	combo	0.00000	32	W1 Organ 8+4|W2 Drawbar Full|W3 Hollow|W4 Pulse 25|W5 Pulse 10|W6 Formant Ah|W7 Formant Oh|W8 Formant Ee|W9 Sync 2.5|W10 Sync 3.7|W11 Sync 5.3|W12 Resonant 8|W13 Resonant 16|W14 Pluck Comb|W15 Reed|W16 Bell Partials|W17 Sine Fold 1|W18 Sine Fold 2|W19 Soft Square|W20 Half Rect|W21 Full Rect|W22 Saw + 12th|W23 Square Octaves|W24 Digital 1|W25 Digital 2|W26 Digital 3|W27 Staircase 4|W28 Staircase 8|W29 Exp Saw|W30 Parabola|W31 Double Pulse|W32 Noise Cycle
upper.dds1.altB	combo	0.03226	32	W1 Organ 8+4|W2 Drawbar Full|W3 Hollow|W4 Pulse 25|W5 Pulse 10|W6 Formant Ah|W7 Formant Oh|W8 Formant Ee|W9 Sync 2.5|W10 Sync 3.7|W11 Sync 5.3|W12 Resonant 8|W13 Resonant 16|W14 Pluck Comb|W15 Reed|W16 Bell Partials|W17 Sine Fold 1|W18 Sine Fold 2|W19 Soft Square|W20 Half Rect|W21 Full Rect|W22 Saw + 12th|W23 Square Octaves|W24 Digital 1|W25 Digital 2|W26 Digital 3|W27 Staircase 4|W28 Staircase 8|W29 Exp Saw|W30 Parabola|W31 Double Pulse|W32 Noise Cycle
upper.dds1.smpOn	toggle	0.00000	2	on|off
upper.dds1.smpLoop	combo	0.00000	3	ONE SHOT|LOOP|SLICE
upper.dds1.smpStart	slider	0.00000	0	0.0000..1.0000
upper.dds1.smpEnd	slider	1.00000	0	0.0000..1.0000
upper.dds1.smpLoopStart	slider	0.00000	0	0.0000..1.0000
upper.dds1.smpLevel	slider	0.80000	0	0.0000..1.0000
upper.dds1.smpRoot	combo	0.47244	128	C-1|C♯-1|D-1|D♯-1|E-1|F-1|F♯-1|G-1|G♯-1|A-1|A♯-1|B-1|C0|C♯0|D0|D♯0|E0|F0|F♯0|G0|G♯0|A0|A♯0|B0|C1|C♯1|D1|D♯1|E1|F1|F♯1|G1|G♯1|A1|A♯1|B1|C2|C♯2|D2|D♯2|E2|F2|F♯2|G2|G♯2|A2|A♯2|B2|C3|C♯3|D3|D♯3|E3|F3|F♯3|G3|G♯3|A3|A♯3|B3|C4|C♯4|D4|D♯4|E4|F4|F♯4|G4|G♯4|A4|A♯4|B4|C5|C♯5|D5|D♯5|E5|F5|F♯5|G5|G♯5|A5|A♯5|B5|C6|C♯6|D6|D♯6|E6|F6|F♯6|G6|G♯6|A6|A♯6|B6|C7|C♯7|D7|D♯7|E7|F7|F♯7|G7|G♯7|A7|A♯7|B7|C8|C♯8|D8|D♯8|E8|F8|F♯8|G8|G♯8|A8|A♯8|B8|C9|C♯9|D9|D♯9|E9|F9|F♯9|G9
upper.dds1.smpSlices	combo	0.00000	6	AUTO|4|8|16|32|64
upper.dds1.smpSense	slider	0.50000	0	0.0000..1.0000
upper.dds1.smpFine	slider	0.50000	0	-100.0000..100.0000
upper.dds2.wave	combo	0.40000	6	SINE|SAW|SQUARE|TRIANGLE|NOISE|PULSE
upper.dds2.range	combo	0.60000	6	LFO|32'|16'|8'|4'|2'
upper.dds2.tune	slider	0.50000	0	-7.0000..7.0000
upper.dds2.mode	combo	0.00000	3	NORM / SUB OFF|RING / SUB SQUARE|SYNC / SUB SINE
upper.mixer.mix	slider	0.00000	0	0.0000..1.0000
upper.mixer.pan	slider	0.50000	0	-1.0000..1.0000
upper.vcf.drive	combo	0.00000	3	OFF|1|2
upper.vcf.hpf	slider	0.00000	0	0.0000..1.0000
upper.vcf.lpf	slider	1.00000	0	0.0000..1.0000
upper.vcf.res	slider	0.00000	0	0.0000..1.0000
upper.vcf.style	combo	0.00000	2	SG|3W
upper.vcf.saturation	slider	0.00000	0	0.0000..1.0000
upper.vcf.velocity	slider	0.00000	0	0.0000..1.0000
upper.svf.on	toggle	0.00000	2	on|off
upper.svf.cutoff	slider	1.00000	0	0.0000..1.0000
upper.svf.res	slider	0.00000	0	0.0000..1.0000
upper.svf.mode	slider	0.00000	0	0.0000..1.0000
upper.svf.band	toggle	0.00000	2	on|off
upper.vcf.envSource	combo	0.00000	3	ENV 1|1+2|ENV 2
upper.vcf.keytrack	combo	0.00000	3	OFF|1/2|ON
upper.vcf.envAmt	slider	0.00000	0	0.0000..1.0000
upper.vcf.lfo1Amt	slider	0.00000	0	0.0000..1.0000
upper.vcf.dds2Amt	slider	0.00000	0	0.0000..1.0000
upper.vca.envLevel	slider	0.80000	0	0.0000..1.0000
upper.vca.lfo1Amt	slider	0.00000	0	0.0000..1.0000
upper.vca.dds2Amt	slider	0.00000	0	0.0000..1.0000
upper.vca.envMode	combo	0.00000	3	ENV 2|GATE|GATE + REL
upper.vca.dynamics	combo	1.00000	3	OFF|1/2|ON
upper.env1.attackHold	slider	0.00000	0	0.0000..1.0000
upper.env1.attack	slider	0.00000	0	0.0000..1.0000
upper.env1.decayHold	slider	0.00000	0	0.0000..1.0000
upper.env1.decay	slider	0.67470	0	0.0000..1.0000
upper.env1.sustain	slider	0.00000	0	0.0000..1.0000
upper.env1.release	slider	0.67470	0	0.0000..1.0000
upper.env1.mode	combo	0.00000	3	NORMAL|INVERTED|LOOP
upper.env1.keytrack	combo	0.00000	3	OFF|1/2|ON
upper.env2.attack	slider	0.00000	0	0.0000..1.0000
upper.env2.decayHold	slider	0.00000	0	0.0000..1.0000
upper.env2.decay	slider	0.67470	0	0.0000..1.0000
upper.env2.sustain	slider	1.00000	0	0.0000..1.0000
upper.env2.release	slider	0.50000	0	0.0000..1.0000
upper.lfo1.wave	combo	0.00000	6	TRIANGLE|REV SAW|S&H|SQUARE|HF|HF TRK
upper.lfo1.rate	slider	0.66670	0	0.0000..1.0000
upper.lfo1.delay	slider	0.00000	0	0.0000..1.0000
upper.lfo1.lrPhase	slider	0.00000	0	0.0000..1.0000
upper.lfo1.phaseMode	combo	0.00000	2	MODE 1|MODE 2
upper.lfo1.mode	combo	0.00000	3	FREE / NORM|ONCE / DDS 1|RESET / DDS 2
upper.ddsMod.lfo1Amt	slider	0.00000	0	0.0000..1.0000
upper.ddsMod.env1Amt	slider	0.00000	0	0.0000..1.0000
upper.ddsMod.dest	combo	0.50000	3	DDS 1|1+2|DDS 2
upper.ddsMod.super	combo	0.00000	3	OFF|1/2|ON
upper.ddsMod.pwDetune	slider	0.00000	0	0.0000..1.0000
upper.ddsMod.drift	slider	0.00000	0	0.0000..1.0000
upper.ddsMod.pwmWave	slider	0.00000	0	0.0000..1.0000
upper.ddsMod.pwmSource	combo	0.00000	3	MANUAL|LFO 1|ENV 1
upper.ddsMod.crossMod	slider	0.00000	0	0.0000..1.0000
upper.bender.ddsAmt	slider	0.16667	0	0.0000..1.0000
upper.bender.vcfAmt	slider	0.00000	0	0.0000..1.0000
upper.dest.osc	combo	0.50000	3	DDS 1|1+2|DDS 2
upper.lfo2.wave	combo	0.00000	6	SINE|REV SAW|S&H|SQUARE|SAW|NOISE
upper.lfo2.rate	slider	0.66670	0	0.0000..1.0000
upper.lfo2.delay	slider	0.00000	0	0.0000..1.0000
upper.lfo2.trigger	combo	0.00000	3	TRIG|AT + TRIG|ON (AT > BEND)
upper.lfo2.rateMod	slider	0.00000	0	0.0000..1.0000
upper.lfo2.ddsAmt	slider	0.20000	0	0.0000..1.0000
upper.lfo2.vcfAmt	slider	0.00000	0	0.0000..1.0000
upper.lfo2.vcaAmt	slider	0.00000	0	0.0000..1.0000
upper.porta.time	slider	0.00000	0	0.0000..1.0000
upper.octave	combo	0.50000	5	-2|-1|0|+1|+2
upper.voice.mode	combo	0.66667	4	SOLO|LEGATO|POLY 1|POLY 2
upper.voice.unison	toggle	0.00000	2	on|off
upper.voice.unisonSize	combo	0.33333	4	1 HALF|2 ALL|3 OCTAVE|4 FIFTH + OCT
upper.voice.binaural	toggle	1.00000	2	on|off
upper.hold	toggle	0.00000	2	on|off
upper.manual	toggle	0.00000	2	on|off
upper.fx.chorus	combo	0.00000	4	OFF|I|II|I+II
upper.fx.delayTime	slider	0.84810	0	0.0000..1.0000
upper.fx.delayFeedback	slider	0.30000	0	0.0000..1.0000
upper.fx.delaySend	slider	0.00000	0	0.0000..1.0000
upper.fx.freeze	toggle	0.00000	2	on|off
upper.arp.on	toggle	0.00000	2	on|off
upper.arp.clockDiv	combo	0.57143	8	1/1|1/2|1/4|1/8|1/16|1/32|1/4T|1/8T
upper.arp.sync	toggle	0.00000	2	on|off
upper.arp.rate	slider	0.50000	0	0.0000..1.0000
upper.arp.range	combo	0.00000	4	1 OCT|2 OCT|3 OCT|4 OCT
upper.arp.swing	combo	0.00000	5	OFF|1|2|3|4
upper.arp.mode	combo	0.00000	5	UP|DOWN|U&D|RANDOM|SEQ
upper.seq.slot	combo	0.00000	16	1|2|3|4|5|6|7|8|9|10|11|12|13|14|15|16
lower.dds1.wave	combo	0.20000	6	SINE|SAW|SQUARE|TRIANGLE|NOISE|ALT
lower.dds1.range	combo	0.60000	6	64'|32'|16'|8'|4'|2'
lower.dds1.altA	combo	0.00000	32	W1 Organ 8+4|W2 Drawbar Full|W3 Hollow|W4 Pulse 25|W5 Pulse 10|W6 Formant Ah|W7 Formant Oh|W8 Formant Ee|W9 Sync 2.5|W10 Sync 3.7|W11 Sync 5.3|W12 Resonant 8|W13 Resonant 16|W14 Pluck Comb|W15 Reed|W16 Bell Partials|W17 Sine Fold 1|W18 Sine Fold 2|W19 Soft Square|W20 Half Rect|W21 Full Rect|W22 Saw + 12th|W23 Square Octaves|W24 Digital 1|W25 Digital 2|W26 Digital 3|W27 Staircase 4|W28 Staircase 8|W29 Exp Saw|W30 Parabola|W31 Double Pulse|W32 Noise Cycle
lower.dds1.altB	combo	0.03226	32	W1 Organ 8+4|W2 Drawbar Full|W3 Hollow|W4 Pulse 25|W5 Pulse 10|W6 Formant Ah|W7 Formant Oh|W8 Formant Ee|W9 Sync 2.5|W10 Sync 3.7|W11 Sync 5.3|W12 Resonant 8|W13 Resonant 16|W14 Pluck Comb|W15 Reed|W16 Bell Partials|W17 Sine Fold 1|W18 Sine Fold 2|W19 Soft Square|W20 Half Rect|W21 Full Rect|W22 Saw + 12th|W23 Square Octaves|W24 Digital 1|W25 Digital 2|W26 Digital 3|W27 Staircase 4|W28 Staircase 8|W29 Exp Saw|W30 Parabola|W31 Double Pulse|W32 Noise Cycle
lower.dds1.smpOn	toggle	0.00000	2	on|off
lower.dds1.smpLoop	combo	0.00000	3	ONE SHOT|LOOP|SLICE
lower.dds1.smpStart	slider	0.00000	0	0.0000..1.0000
lower.dds1.smpEnd	slider	1.00000	0	0.0000..1.0000
lower.dds1.smpLoopStart	slider	0.00000	0	0.0000..1.0000
lower.dds1.smpLevel	slider	0.80000	0	0.0000..1.0000
lower.dds1.smpRoot	combo	0.47244	128	C-1|C♯-1|D-1|D♯-1|E-1|F-1|F♯-1|G-1|G♯-1|A-1|A♯-1|B-1|C0|C♯0|D0|D♯0|E0|F0|F♯0|G0|G♯0|A0|A♯0|B0|C1|C♯1|D1|D♯1|E1|F1|F♯1|G1|G♯1|A1|A♯1|B1|C2|C♯2|D2|D♯2|E2|F2|F♯2|G2|G♯2|A2|A♯2|B2|C3|C♯3|D3|D♯3|E3|F3|F♯3|G3|G♯3|A3|A♯3|B3|C4|C♯4|D4|D♯4|E4|F4|F♯4|G4|G♯4|A4|A♯4|B4|C5|C♯5|D5|D♯5|E5|F5|F♯5|G5|G♯5|A5|A♯5|B5|C6|C♯6|D6|D♯6|E6|F6|F♯6|G6|G♯6|A6|A♯6|B6|C7|C♯7|D7|D♯7|E7|F7|F♯7|G7|G♯7|A7|A♯7|B7|C8|C♯8|D8|D♯8|E8|F8|F♯8|G8|G♯8|A8|A♯8|B8|C9|C♯9|D9|D♯9|E9|F9|F♯9|G9
lower.dds1.smpSlices	combo	0.00000	6	AUTO|4|8|16|32|64
lower.dds1.smpSense	slider	0.50000	0	0.0000..1.0000
lower.dds1.smpFine	slider	0.50000	0	-100.0000..100.0000
lower.dds2.wave	combo	0.40000	6	SINE|SAW|SQUARE|TRIANGLE|NOISE|PULSE
lower.dds2.range	combo	0.60000	6	LFO|32'|16'|8'|4'|2'
lower.dds2.tune	slider	0.50000	0	-7.0000..7.0000
lower.dds2.mode	combo	0.00000	3	NORM / SUB OFF|RING / SUB SQUARE|SYNC / SUB SINE
lower.mixer.mix	slider	0.00000	0	0.0000..1.0000
lower.mixer.pan	slider	0.50000	0	-1.0000..1.0000
lower.vcf.drive	combo	0.00000	3	OFF|1|2
lower.vcf.hpf	slider	0.00000	0	0.0000..1.0000
lower.vcf.lpf	slider	1.00000	0	0.0000..1.0000
lower.vcf.res	slider	0.00000	0	0.0000..1.0000
lower.vcf.style	combo	0.00000	2	SG|3W
lower.vcf.saturation	slider	0.00000	0	0.0000..1.0000
lower.vcf.velocity	slider	0.00000	0	0.0000..1.0000
lower.svf.on	toggle	0.00000	2	on|off
lower.svf.cutoff	slider	1.00000	0	0.0000..1.0000
lower.svf.res	slider	0.00000	0	0.0000..1.0000
lower.svf.mode	slider	0.00000	0	0.0000..1.0000
lower.svf.band	toggle	0.00000	2	on|off
lower.vcf.envSource	combo	0.00000	3	ENV 1|1+2|ENV 2
lower.vcf.keytrack	combo	0.00000	3	OFF|1/2|ON
lower.vcf.envAmt	slider	0.00000	0	0.0000..1.0000
lower.vcf.lfo1Amt	slider	0.00000	0	0.0000..1.0000
lower.vcf.dds2Amt	slider	0.00000	0	0.0000..1.0000
lower.vca.envLevel	slider	0.80000	0	0.0000..1.0000
lower.vca.lfo1Amt	slider	0.00000	0	0.0000..1.0000
lower.vca.dds2Amt	slider	0.00000	0	0.0000..1.0000
lower.vca.envMode	combo	0.00000	3	ENV 2|GATE|GATE + REL
lower.vca.dynamics	combo	1.00000	3	OFF|1/2|ON
lower.env1.attackHold	slider	0.00000	0	0.0000..1.0000
lower.env1.attack	slider	0.00000	0	0.0000..1.0000
lower.env1.decayHold	slider	0.00000	0	0.0000..1.0000
lower.env1.decay	slider	0.67470	0	0.0000..1.0000
lower.env1.sustain	slider	0.00000	0	0.0000..1.0000
lower.env1.release	slider	0.67470	0	0.0000..1.0000
lower.env1.mode	combo	0.00000	3	NORMAL|INVERTED|LOOP
lower.env1.keytrack	combo	0.00000	3	OFF|1/2|ON
lower.env2.attack	slider	0.00000	0	0.0000..1.0000
lower.env2.decayHold	slider	0.00000	0	0.0000..1.0000
lower.env2.decay	slider	0.67470	0	0.0000..1.0000
lower.env2.sustain	slider	1.00000	0	0.0000..1.0000
lower.env2.release	slider	0.50000	0	0.0000..1.0000
lower.lfo1.wave	combo	0.00000	6	TRIANGLE|REV SAW|S&H|SQUARE|HF|HF TRK
lower.lfo1.rate	slider	0.66670	0	0.0000..1.0000
lower.lfo1.delay	slider	0.00000	0	0.0000..1.0000
lower.lfo1.lrPhase	slider	0.00000	0	0.0000..1.0000
lower.lfo1.phaseMode	combo	0.00000	2	MODE 1|MODE 2
lower.lfo1.mode	combo	0.00000	3	FREE / NORM|ONCE / DDS 1|RESET / DDS 2
lower.ddsMod.lfo1Amt	slider	0.00000	0	0.0000..1.0000
lower.ddsMod.env1Amt	slider	0.00000	0	0.0000..1.0000
lower.ddsMod.dest	combo	0.50000	3	DDS 1|1+2|DDS 2
lower.ddsMod.super	combo	0.00000	3	OFF|1/2|ON
lower.ddsMod.pwDetune	slider	0.00000	0	0.0000..1.0000
lower.ddsMod.drift	slider	0.00000	0	0.0000..1.0000
lower.ddsMod.pwmWave	slider	0.00000	0	0.0000..1.0000
lower.ddsMod.pwmSource	combo	0.00000	3	MANUAL|LFO 1|ENV 1
lower.ddsMod.crossMod	slider	0.00000	0	0.0000..1.0000
lower.bender.ddsAmt	slider	0.16667	0	0.0000..1.0000
lower.bender.vcfAmt	slider	0.00000	0	0.0000..1.0000
lower.dest.osc	combo	0.50000	3	DDS 1|1+2|DDS 2
lower.lfo2.wave	combo	0.00000	6	SINE|REV SAW|S&H|SQUARE|SAW|NOISE
lower.lfo2.rate	slider	0.66670	0	0.0000..1.0000
lower.lfo2.delay	slider	0.00000	0	0.0000..1.0000
lower.lfo2.trigger	combo	0.00000	3	TRIG|AT + TRIG|ON (AT > BEND)
lower.lfo2.rateMod	slider	0.00000	0	0.0000..1.0000
lower.lfo2.ddsAmt	slider	0.20000	0	0.0000..1.0000
lower.lfo2.vcfAmt	slider	0.00000	0	0.0000..1.0000
lower.lfo2.vcaAmt	slider	0.00000	0	0.0000..1.0000
lower.porta.time	slider	0.00000	0	0.0000..1.0000
lower.octave	combo	0.50000	5	-2|-1|0|+1|+2
lower.voice.mode	combo	0.66667	4	SOLO|LEGATO|POLY 1|POLY 2
lower.voice.unison	toggle	0.00000	2	on|off
lower.voice.unisonSize	combo	0.33333	4	1 HALF|2 ALL|3 OCTAVE|4 FIFTH + OCT
lower.voice.binaural	toggle	1.00000	2	on|off
lower.hold	toggle	0.00000	2	on|off
lower.manual	toggle	0.00000	2	on|off
lower.fx.chorus	combo	0.00000	4	OFF|I|II|I+II
lower.fx.delayTime	slider	0.84810	0	0.0000..1.0000
lower.fx.delayFeedback	slider	0.30000	0	0.0000..1.0000
lower.fx.delaySend	slider	0.00000	0	0.0000..1.0000
lower.fx.freeze	toggle	0.00000	2	on|off
lower.arp.on	toggle	0.00000	2	on|off
lower.arp.clockDiv	combo	0.57143	8	1/1|1/2|1/4|1/8|1/16|1/32|1/4T|1/8T
lower.arp.sync	toggle	0.00000	2	on|off
lower.arp.rate	slider	0.50000	0	0.0000..1.0000
lower.arp.range	combo	0.00000	4	1 OCT|2 OCT|3 OCT|4 OCT
lower.arp.swing	combo	0.00000	5	OFF|1|2|3|4
lower.arp.mode	combo	0.00000	5	UP|DOWN|U&D|RANDOM|SEQ
lower.seq.slot	combo	0.00000	16	1|2|3|4|5|6|7|8|9|10|11|12|13|14|15|16
upper.mtx.dds2.lfo1Rate	slider	0.50000	0	-1.0000..1.0000
upper.mtx.dds2.xmod	slider	0.50000	0	-1.0000..1.0000
upper.mtx.dds2.wave	slider	0.50000	0	-1.0000..1.0000
upper.mtx.dds2.mix	slider	0.50000	0	-1.0000..1.0000
upper.mtx.dds2.hpf	slider	0.50000	0	-1.0000..1.0000
upper.mtx.dds2.res	slider	0.50000	0	-1.0000..1.0000
upper.mtx.dds2.env1Decay	slider	0.50000	0	-1.0000..1.0000
upper.mtx.dds2.dlyTime	slider	0.50000	0	-1.0000..1.0000
upper.mtxd.dds2.1	slider	0.50000	0	-1.0000..1.0000
upper.mtxd.dds2.3	slider	0.50000	0	-1.0000..1.0000
upper.mtxd.dds2.4	slider	0.50000	0	-1.0000..1.0000
upper.mtxd.dds2.5	slider	0.50000	0	-1.0000..1.0000
upper.mtxd.dds2.6	slider	0.50000	0	-1.0000..1.0000
upper.mtxd.dds2.7	slider	0.50000	0	-1.0000..1.0000
upper.mtxd.dds2.8	slider	0.50000	0	-1.0000..1.0000
upper.mtxd.dds2.9	slider	0.50000	0	-1.0000..1.0000
upper.mtxd.dds2.10	slider	0.50000	0	-1.0000..1.0000
upper.mtxd.dds2.11	slider	0.50000	0	-1.0000..1.0000
upper.mtxd.dds2.12	slider	0.50000	0	-1.0000..1.0000
upper.mtxd.dds2.13	slider	0.50000	0	-1.0000..1.0000
upper.mtxd.dds2.14	slider	0.50000	0	-1.0000..1.0000
upper.mtxd.dds2.15	slider	0.50000	0	-1.0000..1.0000
upper.mtxd.dds2.16	slider	0.50000	0	-1.0000..1.0000
upper.mtxd.dds2.17	slider	0.50000	0	-1.0000..1.0000
upper.mtxd.dds2.18	slider	0.50000	0	-1.0000..1.0000
upper.mtxd.dds2.19	slider	0.50000	0	-1.0000..1.0000
upper.mtxd.dds2.20	slider	0.50000	0	-1.0000..1.0000
upper.mtxd.dds2.21	slider	0.50000	0	-1.0000..1.0000
upper.mtxd.dds2.22	slider	0.50000	0	-1.0000..1.0000
upper.mtxd.dds2.23	slider	0.50000	0	-1.0000..1.0000
upper.mtxd.dds2.24	slider	0.50000	0	-1.0000..1.0000
upper.mtx.lfo2.lfo1Rate	slider	0.50000	0	-1.0000..1.0000
upper.mtx.lfo2.xmod	slider	0.50000	0	-1.0000..1.0000
upper.mtx.lfo2.wave	slider	0.50000	0	-1.0000..1.0000
upper.mtx.lfo2.mix	slider	0.50000	0	-1.0000..1.0000
upper.mtx.lfo2.hpf	slider	0.50000	0	-1.0000..1.0000
upper.mtx.lfo2.res	slider	0.50000	0	-1.0000..1.0000
upper.mtx.lfo2.env1Decay	slider	0.50000	0	-1.0000..1.0000
upper.mtx.lfo2.dlyTime	slider	0.50000	0	-1.0000..1.0000
upper.mtxd.lfo2.1	slider	0.50000	0	-1.0000..1.0000
upper.mtxd.lfo2.3	slider	0.50000	0	-1.0000..1.0000
upper.mtxd.lfo2.4	slider	0.50000	0	-1.0000..1.0000
upper.mtxd.lfo2.5	slider	0.50000	0	-1.0000..1.0000
upper.mtxd.lfo2.6	slider	0.50000	0	-1.0000..1.0000
upper.mtxd.lfo2.7	slider	0.50000	0	-1.0000..1.0000
upper.mtxd.lfo2.8	slider	0.50000	0	-1.0000..1.0000
upper.mtxd.lfo2.9	slider	0.50000	0	-1.0000..1.0000
upper.mtxd.lfo2.10	slider	0.50000	0	-1.0000..1.0000
upper.mtxd.lfo2.11	slider	0.50000	0	-1.0000..1.0000
upper.mtxd.lfo2.12	slider	0.50000	0	-1.0000..1.0000
upper.mtxd.lfo2.13	slider	0.50000	0	-1.0000..1.0000
upper.mtxd.lfo2.14	slider	0.50000	0	-1.0000..1.0000
upper.mtxd.lfo2.15	slider	0.50000	0	-1.0000..1.0000
upper.mtxd.lfo2.16	slider	0.50000	0	-1.0000..1.0000
upper.mtxd.lfo2.17	slider	0.50000	0	-1.0000..1.0000
upper.mtxd.lfo2.18	slider	0.50000	0	-1.0000..1.0000
upper.mtxd.lfo2.19	slider	0.50000	0	-1.0000..1.0000
upper.mtxd.lfo2.20	slider	0.50000	0	-1.0000..1.0000
upper.mtxd.lfo2.21	slider	0.50000	0	-1.0000..1.0000
upper.mtxd.lfo2.22	slider	0.50000	0	-1.0000..1.0000
upper.mtxd.lfo2.23	slider	0.50000	0	-1.0000..1.0000
upper.mtxd.lfo2.24	slider	0.50000	0	-1.0000..1.0000
upper.mtx.env1.lfo1Rate	slider	0.50000	0	-1.0000..1.0000
upper.mtx.env1.xmod	slider	0.50000	0	-1.0000..1.0000
upper.mtx.env1.wave	slider	0.50000	0	-1.0000..1.0000
upper.mtx.env1.mix	slider	0.50000	0	-1.0000..1.0000
upper.mtx.env1.hpf	slider	0.50000	0	-1.0000..1.0000
upper.mtx.env1.res	slider	0.50000	0	-1.0000..1.0000
upper.mtx.env1.env1Decay	slider	0.50000	0	-1.0000..1.0000
upper.mtx.env1.dlyTime	slider	0.50000	0	-1.0000..1.0000
upper.mtxd.env1.1	slider	0.50000	0	-1.0000..1.0000
upper.mtxd.env1.3	slider	0.50000	0	-1.0000..1.0000
upper.mtxd.env1.4	slider	0.50000	0	-1.0000..1.0000
upper.mtxd.env1.5	slider	0.50000	0	-1.0000..1.0000
upper.mtxd.env1.6	slider	0.50000	0	-1.0000..1.0000
upper.mtxd.env1.7	slider	0.50000	0	-1.0000..1.0000
upper.mtxd.env1.8	slider	0.50000	0	-1.0000..1.0000
upper.mtxd.env1.9	slider	0.50000	0	-1.0000..1.0000
upper.mtxd.env1.10	slider	0.50000	0	-1.0000..1.0000
upper.mtxd.env1.11	slider	0.50000	0	-1.0000..1.0000
upper.mtxd.env1.12	slider	0.50000	0	-1.0000..1.0000
upper.mtxd.env1.13	slider	0.50000	0	-1.0000..1.0000
upper.mtxd.env1.14	slider	0.50000	0	-1.0000..1.0000
upper.mtxd.env1.15	slider	0.50000	0	-1.0000..1.0000
upper.mtxd.env1.16	slider	0.50000	0	-1.0000..1.0000
upper.mtxd.env1.17	slider	0.50000	0	-1.0000..1.0000
upper.mtxd.env1.18	slider	0.50000	0	-1.0000..1.0000
upper.mtxd.env1.19	slider	0.50000	0	-1.0000..1.0000
upper.mtxd.env1.20	slider	0.50000	0	-1.0000..1.0000
upper.mtxd.env1.21	slider	0.50000	0	-1.0000..1.0000
upper.mtxd.env1.22	slider	0.50000	0	-1.0000..1.0000
upper.mtxd.env1.23	slider	0.50000	0	-1.0000..1.0000
upper.mtxd.env1.24	slider	0.50000	0	-1.0000..1.0000
upper.mtx.vel.lfo1Rate	slider	0.50000	0	-1.0000..1.0000
upper.mtx.vel.xmod	slider	0.50000	0	-1.0000..1.0000
upper.mtx.vel.wave	slider	0.50000	0	-1.0000..1.0000
upper.mtx.vel.mix	slider	0.50000	0	-1.0000..1.0000
upper.mtx.vel.hpf	slider	0.50000	0	-1.0000..1.0000
upper.mtx.vel.res	slider	0.50000	0	-1.0000..1.0000
upper.mtx.vel.env1Decay	slider	0.50000	0	-1.0000..1.0000
upper.mtx.vel.dlyTime	slider	0.50000	0	-1.0000..1.0000
upper.mtxd.vel.1	slider	0.50000	0	-1.0000..1.0000
upper.mtxd.vel.2	slider	0.50000	0	-1.0000..1.0000
upper.mtxd.vel.3	slider	0.50000	0	-1.0000..1.0000
upper.mtxd.vel.4	slider	0.50000	0	-1.0000..1.0000
upper.mtxd.vel.5	slider	0.50000	0	-1.0000..1.0000
upper.mtxd.vel.6	slider	0.50000	0	-1.0000..1.0000
upper.mtxd.vel.7	slider	0.50000	0	-1.0000..1.0000
upper.mtxd.vel.8	slider	0.50000	0	-1.0000..1.0000
upper.mtxd.vel.9	slider	0.50000	0	-1.0000..1.0000
upper.mtxd.vel.10	slider	0.50000	0	-1.0000..1.0000
upper.mtxd.vel.11	slider	0.50000	0	-1.0000..1.0000
upper.mtxd.vel.12	slider	0.50000	0	-1.0000..1.0000
upper.mtxd.vel.13	slider	0.50000	0	-1.0000..1.0000
upper.mtxd.vel.14	slider	0.50000	0	-1.0000..1.0000
upper.mtxd.vel.15	slider	0.50000	0	-1.0000..1.0000
upper.mtxd.vel.16	slider	0.50000	0	-1.0000..1.0000
upper.mtxd.vel.17	slider	0.50000	0	-1.0000..1.0000
upper.mtxd.vel.18	slider	0.50000	0	-1.0000..1.0000
upper.mtxd.vel.19	slider	0.50000	0	-1.0000..1.0000
upper.mtxd.vel.20	slider	0.50000	0	-1.0000..1.0000
upper.mtxd.vel.21	slider	0.50000	0	-1.0000..1.0000
upper.mtxd.vel.22	slider	0.50000	0	-1.0000..1.0000
upper.mtxd.vel.23	slider	0.50000	0	-1.0000..1.0000
upper.mtxd.vel.24	slider	0.50000	0	-1.0000..1.0000
upper.mtx.at.lfo1Rate	slider	0.50000	0	-1.0000..1.0000
upper.mtx.at.xmod	slider	0.50000	0	-1.0000..1.0000
upper.mtx.at.wave	slider	0.50000	0	-1.0000..1.0000
upper.mtx.at.mix	slider	0.50000	0	-1.0000..1.0000
upper.mtx.at.hpf	slider	0.50000	0	-1.0000..1.0000
upper.mtx.at.res	slider	0.50000	0	-1.0000..1.0000
upper.mtx.at.env1Decay	slider	0.50000	0	-1.0000..1.0000
upper.mtx.at.dlyTime	slider	0.50000	0	-1.0000..1.0000
upper.mtxd.at.1	slider	0.50000	0	-1.0000..1.0000
upper.mtxd.at.2	slider	0.50000	0	-1.0000..1.0000
upper.mtxd.at.3	slider	0.50000	0	-1.0000..1.0000
upper.mtxd.at.4	slider	0.50000	0	-1.0000..1.0000
upper.mtxd.at.5	slider	0.50000	0	-1.0000..1.0000
upper.mtxd.at.6	slider	0.50000	0	-1.0000..1.0000
upper.mtxd.at.7	slider	0.50000	0	-1.0000..1.0000
upper.mtxd.at.8	slider	0.50000	0	-1.0000..1.0000
upper.mtxd.at.9	slider	0.50000	0	-1.0000..1.0000
upper.mtxd.at.10	slider	0.50000	0	-1.0000..1.0000
upper.mtxd.at.11	slider	0.50000	0	-1.0000..1.0000
upper.mtxd.at.12	slider	0.50000	0	-1.0000..1.0000
upper.mtxd.at.13	slider	0.50000	0	-1.0000..1.0000
upper.mtxd.at.14	slider	0.50000	0	-1.0000..1.0000
upper.mtxd.at.15	slider	0.50000	0	-1.0000..1.0000
upper.mtxd.at.16	slider	0.50000	0	-1.0000..1.0000
upper.mtxd.at.17	slider	0.50000	0	-1.0000..1.0000
upper.mtxd.at.19	slider	0.50000	0	-1.0000..1.0000
upper.mtxd.at.20	slider	0.50000	0	-1.0000..1.0000
upper.mtxd.at.21	slider	0.50000	0	-1.0000..1.0000
upper.mtxd.at.22	slider	0.50000	0	-1.0000..1.0000
upper.mtxd.at.23	slider	0.50000	0	-1.0000..1.0000
upper.mtxd.at.24	slider	0.50000	0	-1.0000..1.0000
upper.mtx.expr.lfo1Rate	slider	0.50000	0	-1.0000..1.0000
upper.mtx.expr.xmod	slider	0.50000	0	-1.0000..1.0000
upper.mtx.expr.wave	slider	0.50000	0	-1.0000..1.0000
upper.mtx.expr.mix	slider	0.50000	0	-1.0000..1.0000
upper.mtx.expr.hpf	slider	0.50000	0	-1.0000..1.0000
upper.mtx.expr.res	slider	0.50000	0	-1.0000..1.0000
upper.mtx.expr.env1Decay	slider	0.50000	0	-1.0000..1.0000
upper.mtx.expr.dlyTime	slider	0.50000	0	-1.0000..1.0000
upper.mtxd.expr.1	slider	0.50000	0	-1.0000..1.0000
upper.mtxd.expr.2	slider	0.50000	0	-1.0000..1.0000
upper.mtxd.expr.3	slider	0.50000	0	-1.0000..1.0000
upper.mtxd.expr.4	slider	0.50000	0	-1.0000..1.0000
upper.mtxd.expr.5	slider	0.50000	0	-1.0000..1.0000
upper.mtxd.expr.6	slider	0.50000	0	-1.0000..1.0000
upper.mtxd.expr.7	slider	0.50000	0	-1.0000..1.0000
upper.mtxd.expr.8	slider	0.50000	0	-1.0000..1.0000
upper.mtxd.expr.9	slider	0.50000	0	-1.0000..1.0000
upper.mtxd.expr.10	slider	0.50000	0	-1.0000..1.0000
upper.mtxd.expr.11	slider	0.50000	0	-1.0000..1.0000
upper.mtxd.expr.12	slider	0.50000	0	-1.0000..1.0000
upper.mtxd.expr.13	slider	0.50000	0	-1.0000..1.0000
upper.mtxd.expr.14	slider	0.50000	0	-1.0000..1.0000
upper.mtxd.expr.15	slider	0.50000	0	-1.0000..1.0000
upper.mtxd.expr.16	slider	0.50000	0	-1.0000..1.0000
upper.mtxd.expr.17	slider	0.50000	0	-1.0000..1.0000
upper.mtxd.expr.18	slider	0.50000	0	-1.0000..1.0000
upper.mtxd.expr.19	slider	0.50000	0	-1.0000..1.0000
upper.mtxd.expr.20	slider	0.50000	0	-1.0000..1.0000
upper.mtxd.expr.21	slider	0.50000	0	-1.0000..1.0000
upper.mtxd.expr.22	slider	0.50000	0	-1.0000..1.0000
upper.mtxd.expr.23	slider	0.50000	0	-1.0000..1.0000
upper.mtxd.expr.24	slider	0.50000	0	-1.0000..1.0000
upper.mtx.ribbon.lfo1Rate	slider	0.50000	0	-1.0000..1.0000
upper.mtx.ribbon.xmod	slider	0.50000	0	-1.0000..1.0000
upper.mtx.ribbon.wave	slider	0.50000	0	-1.0000..1.0000
upper.mtx.ribbon.mix	slider	0.50000	0	-1.0000..1.0000
upper.mtx.ribbon.hpf	slider	0.50000	0	-1.0000..1.0000
upper.mtx.ribbon.res	slider	0.50000	0	-1.0000..1.0000
upper.mtx.ribbon.env1Decay	slider	0.50000	0	-1.0000..1.0000
upper.mtx.ribbon.dlyTime	slider	0.50000	0	-1.0000..1.0000
upper.mtxd.ribbon.1	slider	0.50000	0	-1.0000..1.0000
upper.mtxd.ribbon.2	slider	0.50000	0	-1.0000..1.0000
upper.mtxd.ribbon.3	slider	0.50000	0	-1.0000..1.0000
upper.mtxd.ribbon.4	slider	0.50000	0	-1.0000..1.0000
upper.mtxd.ribbon.5	slider	0.50000	0	-1.0000..1.0000
upper.mtxd.ribbon.6	slider	0.50000	0	-1.0000..1.0000
upper.mtxd.ribbon.7	slider	0.50000	0	-1.0000..1.0000
upper.mtxd.ribbon.8	slider	0.50000	0	-1.0000..1.0000
upper.mtxd.ribbon.9	slider	0.50000	0	-1.0000..1.0000
upper.mtxd.ribbon.10	slider	0.50000	0	-1.0000..1.0000
upper.mtxd.ribbon.11	slider	0.50000	0	-1.0000..1.0000
upper.mtxd.ribbon.12	slider	0.50000	0	-1.0000..1.0000
upper.mtxd.ribbon.13	slider	0.50000	0	-1.0000..1.0000
upper.mtxd.ribbon.14	slider	0.50000	0	-1.0000..1.0000
upper.mtxd.ribbon.15	slider	0.50000	0	-1.0000..1.0000
upper.mtxd.ribbon.16	slider	0.50000	0	-1.0000..1.0000
upper.mtxd.ribbon.17	slider	0.50000	0	-1.0000..1.0000
upper.mtxd.ribbon.18	slider	0.50000	0	-1.0000..1.0000
upper.mtxd.ribbon.19	slider	0.50000	0	-1.0000..1.0000
upper.mtxd.ribbon.20	slider	0.50000	0	-1.0000..1.0000
upper.mtxd.ribbon.21	slider	0.50000	0	-1.0000..1.0000
upper.mtxd.ribbon.22	slider	0.50000	0	-1.0000..1.0000
upper.mtxd.ribbon.23	slider	0.50000	0	-1.0000..1.0000
upper.mtxd.ribbon.24	slider	0.50000	0	-1.0000..1.0000
upper.mtx.note.lfo1Rate	slider	0.50000	0	-1.0000..1.0000
upper.mtx.note.xmod	slider	0.50000	0	-1.0000..1.0000
upper.mtx.note.wave	slider	0.50000	0	-1.0000..1.0000
upper.mtx.note.mix	slider	0.50000	0	-1.0000..1.0000
upper.mtx.note.hpf	slider	0.50000	0	-1.0000..1.0000
upper.mtx.note.res	slider	0.50000	0	-1.0000..1.0000
upper.mtx.note.env1Decay	slider	0.50000	0	-1.0000..1.0000
upper.mtx.note.dlyTime	slider	0.50000	0	-1.0000..1.0000
upper.mtxd.note.1	slider	0.50000	0	-1.0000..1.0000
upper.mtxd.note.2	slider	0.50000	0	-1.0000..1.0000
upper.mtxd.note.3	slider	0.50000	0	-1.0000..1.0000
upper.mtxd.note.4	slider	0.50000	0	-1.0000..1.0000
upper.mtxd.note.5	slider	0.50000	0	-1.0000..1.0000
upper.mtxd.note.6	slider	0.50000	0	-1.0000..1.0000
upper.mtxd.note.7	slider	0.50000	0	-1.0000..1.0000
upper.mtxd.note.8	slider	0.50000	0	-1.0000..1.0000
upper.mtxd.note.9	slider	0.50000	0	-1.0000..1.0000
upper.mtxd.note.10	slider	0.50000	0	-1.0000..1.0000
upper.mtxd.note.11	slider	0.50000	0	-1.0000..1.0000
upper.mtxd.note.12	slider	0.50000	0	-1.0000..1.0000
upper.mtxd.note.13	slider	0.50000	0	-1.0000..1.0000
upper.mtxd.note.14	slider	0.50000	0	-1.0000..1.0000
upper.mtxd.note.15	slider	0.50000	0	-1.0000..1.0000
upper.mtxd.note.16	slider	0.50000	0	-1.0000..1.0000
upper.mtxd.note.17	slider	0.50000	0	-1.0000..1.0000
upper.mtxd.note.18	slider	0.50000	0	-1.0000..1.0000
upper.mtxd.note.19	slider	0.50000	0	-1.0000..1.0000
upper.mtxd.note.20	slider	0.50000	0	-1.0000..1.0000
upper.mtxd.note.21	slider	0.50000	0	-1.0000..1.0000
upper.mtxd.note.22	slider	0.50000	0	-1.0000..1.0000
upper.mtxd.note.23	slider	0.50000	0	-1.0000..1.0000
upper.mtxd.note.24	slider	0.50000	0	-1.0000..1.0000
lower.mtx.dds2.lfo1Rate	slider	0.50000	0	-1.0000..1.0000
lower.mtx.dds2.xmod	slider	0.50000	0	-1.0000..1.0000
lower.mtx.dds2.wave	slider	0.50000	0	-1.0000..1.0000
lower.mtx.dds2.mix	slider	0.50000	0	-1.0000..1.0000
lower.mtx.dds2.hpf	slider	0.50000	0	-1.0000..1.0000
lower.mtx.dds2.res	slider	0.50000	0	-1.0000..1.0000
lower.mtx.dds2.env1Decay	slider	0.50000	0	-1.0000..1.0000
lower.mtx.dds2.dlyTime	slider	0.50000	0	-1.0000..1.0000
lower.mtxd.dds2.1	slider	0.50000	0	-1.0000..1.0000
lower.mtxd.dds2.3	slider	0.50000	0	-1.0000..1.0000
lower.mtxd.dds2.4	slider	0.50000	0	-1.0000..1.0000
lower.mtxd.dds2.5	slider	0.50000	0	-1.0000..1.0000
lower.mtxd.dds2.6	slider	0.50000	0	-1.0000..1.0000
lower.mtxd.dds2.7	slider	0.50000	0	-1.0000..1.0000
lower.mtxd.dds2.8	slider	0.50000	0	-1.0000..1.0000
lower.mtxd.dds2.9	slider	0.50000	0	-1.0000..1.0000
lower.mtxd.dds2.10	slider	0.50000	0	-1.0000..1.0000
lower.mtxd.dds2.11	slider	0.50000	0	-1.0000..1.0000
lower.mtxd.dds2.12	slider	0.50000	0	-1.0000..1.0000
lower.mtxd.dds2.13	slider	0.50000	0	-1.0000..1.0000
lower.mtxd.dds2.14	slider	0.50000	0	-1.0000..1.0000
lower.mtxd.dds2.15	slider	0.50000	0	-1.0000..1.0000
lower.mtxd.dds2.16	slider	0.50000	0	-1.0000..1.0000
lower.mtxd.dds2.17	slider	0.50000	0	-1.0000..1.0000
lower.mtxd.dds2.18	slider	0.50000	0	-1.0000..1.0000
lower.mtxd.dds2.19	slider	0.50000	0	-1.0000..1.0000
lower.mtxd.dds2.20	slider	0.50000	0	-1.0000..1.0000
lower.mtxd.dds2.21	slider	0.50000	0	-1.0000..1.0000
lower.mtxd.dds2.22	slider	0.50000	0	-1.0000..1.0000
lower.mtxd.dds2.23	slider	0.50000	0	-1.0000..1.0000
lower.mtxd.dds2.24	slider	0.50000	0	-1.0000..1.0000
lower.mtx.lfo2.lfo1Rate	slider	0.50000	0	-1.0000..1.0000
lower.mtx.lfo2.xmod	slider	0.50000	0	-1.0000..1.0000
lower.mtx.lfo2.wave	slider	0.50000	0	-1.0000..1.0000
lower.mtx.lfo2.mix	slider	0.50000	0	-1.0000..1.0000
lower.mtx.lfo2.hpf	slider	0.50000	0	-1.0000..1.0000
lower.mtx.lfo2.res	slider	0.50000	0	-1.0000..1.0000
lower.mtx.lfo2.env1Decay	slider	0.50000	0	-1.0000..1.0000
lower.mtx.lfo2.dlyTime	slider	0.50000	0	-1.0000..1.0000
lower.mtxd.lfo2.1	slider	0.50000	0	-1.0000..1.0000
lower.mtxd.lfo2.3	slider	0.50000	0	-1.0000..1.0000
lower.mtxd.lfo2.4	slider	0.50000	0	-1.0000..1.0000
lower.mtxd.lfo2.5	slider	0.50000	0	-1.0000..1.0000
lower.mtxd.lfo2.6	slider	0.50000	0	-1.0000..1.0000
lower.mtxd.lfo2.7	slider	0.50000	0	-1.0000..1.0000
lower.mtxd.lfo2.8	slider	0.50000	0	-1.0000..1.0000
lower.mtxd.lfo2.9	slider	0.50000	0	-1.0000..1.0000
lower.mtxd.lfo2.10	slider	0.50000	0	-1.0000..1.0000
lower.mtxd.lfo2.11	slider	0.50000	0	-1.0000..1.0000
lower.mtxd.lfo2.12	slider	0.50000	0	-1.0000..1.0000
lower.mtxd.lfo2.13	slider	0.50000	0	-1.0000..1.0000
lower.mtxd.lfo2.14	slider	0.50000	0	-1.0000..1.0000
lower.mtxd.lfo2.15	slider	0.50000	0	-1.0000..1.0000
lower.mtxd.lfo2.16	slider	0.50000	0	-1.0000..1.0000
lower.mtxd.lfo2.17	slider	0.50000	0	-1.0000..1.0000
lower.mtxd.lfo2.18	slider	0.50000	0	-1.0000..1.0000
lower.mtxd.lfo2.19	slider	0.50000	0	-1.0000..1.0000
lower.mtxd.lfo2.20	slider	0.50000	0	-1.0000..1.0000
lower.mtxd.lfo2.21	slider	0.50000	0	-1.0000..1.0000
lower.mtxd.lfo2.22	slider	0.50000	0	-1.0000..1.0000
lower.mtxd.lfo2.23	slider	0.50000	0	-1.0000..1.0000
lower.mtxd.lfo2.24	slider	0.50000	0	-1.0000..1.0000
lower.mtx.env1.lfo1Rate	slider	0.50000	0	-1.0000..1.0000
lower.mtx.env1.xmod	slider	0.50000	0	-1.0000..1.0000
lower.mtx.env1.wave	slider	0.50000	0	-1.0000..1.0000
lower.mtx.env1.mix	slider	0.50000	0	-1.0000..1.0000
lower.mtx.env1.hpf	slider	0.50000	0	-1.0000..1.0000
lower.mtx.env1.res	slider	0.50000	0	-1.0000..1.0000
lower.mtx.env1.env1Decay	slider	0.50000	0	-1.0000..1.0000
lower.mtx.env1.dlyTime	slider	0.50000	0	-1.0000..1.0000
lower.mtxd.env1.1	slider	0.50000	0	-1.0000..1.0000
lower.mtxd.env1.3	slider	0.50000	0	-1.0000..1.0000
lower.mtxd.env1.4	slider	0.50000	0	-1.0000..1.0000
lower.mtxd.env1.5	slider	0.50000	0	-1.0000..1.0000
lower.mtxd.env1.6	slider	0.50000	0	-1.0000..1.0000
lower.mtxd.env1.7	slider	0.50000	0	-1.0000..1.0000
lower.mtxd.env1.8	slider	0.50000	0	-1.0000..1.0000
lower.mtxd.env1.9	slider	0.50000	0	-1.0000..1.0000
lower.mtxd.env1.10	slider	0.50000	0	-1.0000..1.0000
lower.mtxd.env1.11	slider	0.50000	0	-1.0000..1.0000
lower.mtxd.env1.12	slider	0.50000	0	-1.0000..1.0000
lower.mtxd.env1.13	slider	0.50000	0	-1.0000..1.0000
lower.mtxd.env1.14	slider	0.50000	0	-1.0000..1.0000
lower.mtxd.env1.15	slider	0.50000	0	-1.0000..1.0000
lower.mtxd.env1.16	slider	0.50000	0	-1.0000..1.0000
lower.mtxd.env1.17	slider	0.50000	0	-1.0000..1.0000
lower.mtxd.env1.18	slider	0.50000	0	-1.0000..1.0000
lower.mtxd.env1.19	slider	0.50000	0	-1.0000..1.0000
lower.mtxd.env1.20	slider	0.50000	0	-1.0000..1.0000
lower.mtxd.env1.21	slider	0.50000	0	-1.0000..1.0000
lower.mtxd.env1.22	slider	0.50000	0	-1.0000..1.0000
lower.mtxd.env1.23	slider	0.50000	0	-1.0000..1.0000
lower.mtxd.env1.24	slider	0.50000	0	-1.0000..1.0000
lower.mtx.vel.lfo1Rate	slider	0.50000	0	-1.0000..1.0000
lower.mtx.vel.xmod	slider	0.50000	0	-1.0000..1.0000
lower.mtx.vel.wave	slider	0.50000	0	-1.0000..1.0000
lower.mtx.vel.mix	slider	0.50000	0	-1.0000..1.0000
lower.mtx.vel.hpf	slider	0.50000	0	-1.0000..1.0000
lower.mtx.vel.res	slider	0.50000	0	-1.0000..1.0000
lower.mtx.vel.env1Decay	slider	0.50000	0	-1.0000..1.0000
lower.mtx.vel.dlyTime	slider	0.50000	0	-1.0000..1.0000
lower.mtxd.vel.1	slider	0.50000	0	-1.0000..1.0000
lower.mtxd.vel.2	slider	0.50000	0	-1.0000..1.0000
lower.mtxd.vel.3	slider	0.50000	0	-1.0000..1.0000
lower.mtxd.vel.4	slider	0.50000	0	-1.0000..1.0000
lower.mtxd.vel.5	slider	0.50000	0	-1.0000..1.0000
lower.mtxd.vel.6	slider	0.50000	0	-1.0000..1.0000
lower.mtxd.vel.7	slider	0.50000	0	-1.0000..1.0000
lower.mtxd.vel.8	slider	0.50000	0	-1.0000..1.0000
lower.mtxd.vel.9	slider	0.50000	0	-1.0000..1.0000
lower.mtxd.vel.10	slider	0.50000	0	-1.0000..1.0000
lower.mtxd.vel.11	slider	0.50000	0	-1.0000..1.0000
lower.mtxd.vel.12	slider	0.50000	0	-1.0000..1.0000
lower.mtxd.vel.13	slider	0.50000	0	-1.0000..1.0000
lower.mtxd.vel.14	slider	0.50000	0	-1.0000..1.0000
lower.mtxd.vel.15	slider	0.50000	0	-1.0000..1.0000
lower.mtxd.vel.16	slider	0.50000	0	-1.0000..1.0000
lower.mtxd.vel.17	slider	0.50000	0	-1.0000..1.0000
lower.mtxd.vel.18	slider	0.50000	0	-1.0000..1.0000
lower.mtxd.vel.19	slider	0.50000	0	-1.0000..1.0000
lower.mtxd.vel.20	slider	0.50000	0	-1.0000..1.0000
lower.mtxd.vel.21	slider	0.50000	0	-1.0000..1.0000
lower.mtxd.vel.22	slider	0.50000	0	-1.0000..1.0000
lower.mtxd.vel.23	slider	0.50000	0	-1.0000..1.0000
lower.mtxd.vel.24	slider	0.50000	0	-1.0000..1.0000
lower.mtx.at.lfo1Rate	slider	0.50000	0	-1.0000..1.0000
lower.mtx.at.xmod	slider	0.50000	0	-1.0000..1.0000
lower.mtx.at.wave	slider	0.50000	0	-1.0000..1.0000
lower.mtx.at.mix	slider	0.50000	0	-1.0000..1.0000
lower.mtx.at.hpf	slider	0.50000	0	-1.0000..1.0000
lower.mtx.at.res	slider	0.50000	0	-1.0000..1.0000
lower.mtx.at.env1Decay	slider	0.50000	0	-1.0000..1.0000
lower.mtx.at.dlyTime	slider	0.50000	0	-1.0000..1.0000
lower.mtxd.at.1	slider	0.50000	0	-1.0000..1.0000
lower.mtxd.at.2	slider	0.50000	0	-1.0000..1.0000
lower.mtxd.at.3	slider	0.50000	0	-1.0000..1.0000
lower.mtxd.at.4	slider	0.50000	0	-1.0000..1.0000
lower.mtxd.at.5	slider	0.50000	0	-1.0000..1.0000
lower.mtxd.at.6	slider	0.50000	0	-1.0000..1.0000
lower.mtxd.at.7	slider	0.50000	0	-1.0000..1.0000
lower.mtxd.at.8	slider	0.50000	0	-1.0000..1.0000
lower.mtxd.at.9	slider	0.50000	0	-1.0000..1.0000
lower.mtxd.at.10	slider	0.50000	0	-1.0000..1.0000
lower.mtxd.at.11	slider	0.50000	0	-1.0000..1.0000
lower.mtxd.at.12	slider	0.50000	0	-1.0000..1.0000
lower.mtxd.at.13	slider	0.50000	0	-1.0000..1.0000
lower.mtxd.at.14	slider	0.50000	0	-1.0000..1.0000
lower.mtxd.at.15	slider	0.50000	0	-1.0000..1.0000
lower.mtxd.at.16	slider	0.50000	0	-1.0000..1.0000
lower.mtxd.at.17	slider	0.50000	0	-1.0000..1.0000
lower.mtxd.at.19	slider	0.50000	0	-1.0000..1.0000
lower.mtxd.at.20	slider	0.50000	0	-1.0000..1.0000
lower.mtxd.at.21	slider	0.50000	0	-1.0000..1.0000
lower.mtxd.at.22	slider	0.50000	0	-1.0000..1.0000
lower.mtxd.at.23	slider	0.50000	0	-1.0000..1.0000
lower.mtxd.at.24	slider	0.50000	0	-1.0000..1.0000
lower.mtx.expr.lfo1Rate	slider	0.50000	0	-1.0000..1.0000
lower.mtx.expr.xmod	slider	0.50000	0	-1.0000..1.0000
lower.mtx.expr.wave	slider	0.50000	0	-1.0000..1.0000
lower.mtx.expr.mix	slider	0.50000	0	-1.0000..1.0000
lower.mtx.expr.hpf	slider	0.50000	0	-1.0000..1.0000
lower.mtx.expr.res	slider	0.50000	0	-1.0000..1.0000
lower.mtx.expr.env1Decay	slider	0.50000	0	-1.0000..1.0000
lower.mtx.expr.dlyTime	slider	0.50000	0	-1.0000..1.0000
lower.mtxd.expr.1	slider	0.50000	0	-1.0000..1.0000
lower.mtxd.expr.2	slider	0.50000	0	-1.0000..1.0000
lower.mtxd.expr.3	slider	0.50000	0	-1.0000..1.0000
lower.mtxd.expr.4	slider	0.50000	0	-1.0000..1.0000
lower.mtxd.expr.5	slider	0.50000	0	-1.0000..1.0000
lower.mtxd.expr.6	slider	0.50000	0	-1.0000..1.0000
lower.mtxd.expr.7	slider	0.50000	0	-1.0000..1.0000
lower.mtxd.expr.8	slider	0.50000	0	-1.0000..1.0000
lower.mtxd.expr.9	slider	0.50000	0	-1.0000..1.0000
lower.mtxd.expr.10	slider	0.50000	0	-1.0000..1.0000
lower.mtxd.expr.11	slider	0.50000	0	-1.0000..1.0000
lower.mtxd.expr.12	slider	0.50000	0	-1.0000..1.0000
lower.mtxd.expr.13	slider	0.50000	0	-1.0000..1.0000
lower.mtxd.expr.14	slider	0.50000	0	-1.0000..1.0000
lower.mtxd.expr.15	slider	0.50000	0	-1.0000..1.0000
lower.mtxd.expr.16	slider	0.50000	0	-1.0000..1.0000
lower.mtxd.expr.17	slider	0.50000	0	-1.0000..1.0000
lower.mtxd.expr.18	slider	0.50000	0	-1.0000..1.0000
lower.mtxd.expr.19	slider	0.50000	0	-1.0000..1.0000
lower.mtxd.expr.20	slider	0.50000	0	-1.0000..1.0000
lower.mtxd.expr.21	slider	0.50000	0	-1.0000..1.0000
lower.mtxd.expr.22	slider	0.50000	0	-1.0000..1.0000
lower.mtxd.expr.23	slider	0.50000	0	-1.0000..1.0000
lower.mtxd.expr.24	slider	0.50000	0	-1.0000..1.0000
lower.mtx.ribbon.lfo1Rate	slider	0.50000	0	-1.0000..1.0000
lower.mtx.ribbon.xmod	slider	0.50000	0	-1.0000..1.0000
lower.mtx.ribbon.wave	slider	0.50000	0	-1.0000..1.0000
lower.mtx.ribbon.mix	slider	0.50000	0	-1.0000..1.0000
lower.mtx.ribbon.hpf	slider	0.50000	0	-1.0000..1.0000
lower.mtx.ribbon.res	slider	0.50000	0	-1.0000..1.0000
lower.mtx.ribbon.env1Decay	slider	0.50000	0	-1.0000..1.0000
lower.mtx.ribbon.dlyTime	slider	0.50000	0	-1.0000..1.0000
lower.mtxd.ribbon.1	slider	0.50000	0	-1.0000..1.0000
lower.mtxd.ribbon.2	slider	0.50000	0	-1.0000..1.0000
lower.mtxd.ribbon.3	slider	0.50000	0	-1.0000..1.0000
lower.mtxd.ribbon.4	slider	0.50000	0	-1.0000..1.0000
lower.mtxd.ribbon.5	slider	0.50000	0	-1.0000..1.0000
lower.mtxd.ribbon.6	slider	0.50000	0	-1.0000..1.0000
lower.mtxd.ribbon.7	slider	0.50000	0	-1.0000..1.0000
lower.mtxd.ribbon.8	slider	0.50000	0	-1.0000..1.0000
lower.mtxd.ribbon.9	slider	0.50000	0	-1.0000..1.0000
lower.mtxd.ribbon.10	slider	0.50000	0	-1.0000..1.0000
lower.mtxd.ribbon.11	slider	0.50000	0	-1.0000..1.0000
lower.mtxd.ribbon.12	slider	0.50000	0	-1.0000..1.0000
lower.mtxd.ribbon.13	slider	0.50000	0	-1.0000..1.0000
lower.mtxd.ribbon.14	slider	0.50000	0	-1.0000..1.0000
lower.mtxd.ribbon.15	slider	0.50000	0	-1.0000..1.0000
lower.mtxd.ribbon.16	slider	0.50000	0	-1.0000..1.0000
lower.mtxd.ribbon.17	slider	0.50000	0	-1.0000..1.0000
lower.mtxd.ribbon.18	slider	0.50000	0	-1.0000..1.0000
lower.mtxd.ribbon.19	slider	0.50000	0	-1.0000..1.0000
lower.mtxd.ribbon.20	slider	0.50000	0	-1.0000..1.0000
lower.mtxd.ribbon.21	slider	0.50000	0	-1.0000..1.0000
lower.mtxd.ribbon.22	slider	0.50000	0	-1.0000..1.0000
lower.mtxd.ribbon.23	slider	0.50000	0	-1.0000..1.0000
lower.mtxd.ribbon.24	slider	0.50000	0	-1.0000..1.0000
lower.mtx.note.lfo1Rate	slider	0.50000	0	-1.0000..1.0000
lower.mtx.note.xmod	slider	0.50000	0	-1.0000..1.0000
lower.mtx.note.wave	slider	0.50000	0	-1.0000..1.0000
lower.mtx.note.mix	slider	0.50000	0	-1.0000..1.0000
lower.mtx.note.hpf	slider	0.50000	0	-1.0000..1.0000
lower.mtx.note.res	slider	0.50000	0	-1.0000..1.0000
lower.mtx.note.env1Decay	slider	0.50000	0	-1.0000..1.0000
lower.mtx.note.dlyTime	slider	0.50000	0	-1.0000..1.0000
lower.mtxd.note.1	slider	0.50000	0	-1.0000..1.0000
lower.mtxd.note.2	slider	0.50000	0	-1.0000..1.0000
lower.mtxd.note.3	slider	0.50000	0	-1.0000..1.0000
lower.mtxd.note.4	slider	0.50000	0	-1.0000..1.0000
lower.mtxd.note.5	slider	0.50000	0	-1.0000..1.0000
lower.mtxd.note.6	slider	0.50000	0	-1.0000..1.0000
lower.mtxd.note.7	slider	0.50000	0	-1.0000..1.0000
lower.mtxd.note.8	slider	0.50000	0	-1.0000..1.0000
lower.mtxd.note.9	slider	0.50000	0	-1.0000..1.0000
lower.mtxd.note.10	slider	0.50000	0	-1.0000..1.0000
lower.mtxd.note.11	slider	0.50000	0	-1.0000..1.0000
lower.mtxd.note.12	slider	0.50000	0	-1.0000..1.0000
lower.mtxd.note.13	slider	0.50000	0	-1.0000..1.0000
lower.mtxd.note.14	slider	0.50000	0	-1.0000..1.0000
lower.mtxd.note.15	slider	0.50000	0	-1.0000..1.0000
lower.mtxd.note.16	slider	0.50000	0	-1.0000..1.0000
lower.mtxd.note.17	slider	0.50000	0	-1.0000..1.0000
lower.mtxd.note.18	slider	0.50000	0	-1.0000..1.0000
lower.mtxd.note.19	slider	0.50000	0	-1.0000..1.0000
lower.mtxd.note.20	slider	0.50000	0	-1.0000..1.0000
lower.mtxd.note.21	slider	0.50000	0	-1.0000..1.0000
lower.mtxd.note.22	slider	0.50000	0	-1.0000..1.0000
lower.mtxd.note.23	slider	0.50000	0	-1.0000..1.0000
lower.mtxd.note.24	slider	0.50000	0	-1.0000..1.0000
fx.mode	combo	0.00000	2	SERIAL|PARALLEL
fx1.type	combo	0.00000	23	NONE|PS DELAY|UNDERTOW|ECHO DELAY|CONVOLVER|VALVE|HEAT|DISTORTION|BITCRUSHER|PUMP|CEILING|MULTIBAND|PHASER PAN|FLANGER|STEREO PAN|CONTOUR|FILTER|PRISM|HALO|SPACES|STEREO IMAGER|MARBLE|PARLOUR
fx1.on	toggle	1.00000	2	on|off
fx1.mix	slider	1.00000	0	0.0000..1.0000
fx1.layer	slider	0.50000	0	0.0000..1.0000
fx1.p1	slider	0.00000	0	0.0000..1.0000
fx1.p2	slider	0.00000	0	0.0000..1.0000
fx1.p3	slider	0.00000	0	0.0000..1.0000
fx1.p4	slider	0.00000	0	0.0000..1.0000
fx1.p5	slider	0.00000	0	0.0000..1.0000
fx1.p6	slider	0.00000	0	0.0000..1.0000
fx1.p7	slider	0.00000	0	0.0000..1.0000
fx1.p8	slider	0.00000	0	0.0000..1.0000
fx1.p9	slider	0.00000	0	0.0000..1.0000
fx1.p10	slider	0.00000	0	0.0000..1.0000
fx1.p11	slider	0.00000	0	0.0000..1.0000
fx1.p12	slider	0.00000	0	0.0000..1.0000
fx1.p13	slider	0.00000	0	0.0000..1.0000
fx1.p14	slider	0.00000	0	0.0000..1.0000
fx1.p15	slider	0.00000	0	0.0000..1.0000
fx1.p16	slider	0.00000	0	0.0000..1.0000
fx1.p17	slider	0.00000	0	0.0000..1.0000
fx1.p18	slider	0.00000	0	0.0000..1.0000
fx1.p19	slider	0.00000	0	0.0000..1.0000
fx1.p20	slider	0.00000	0	0.0000..1.0000
fx1.p21	slider	0.00000	0	0.0000..1.0000
fx1.p22	slider	0.00000	0	0.0000..1.0000
fx1.p23	slider	0.00000	0	0.0000..1.0000
fx1.p24	slider	0.00000	0	0.0000..1.0000
fx1.p25	slider	0.00000	0	0.0000..1.0000
fx1.p26	slider	0.00000	0	0.0000..1.0000
fx1.p27	slider	0.00000	0	0.0000..1.0000
fx1.p28	slider	0.00000	0	0.0000..1.0000
fx2.type	combo	0.00000	23	NONE|PS DELAY|UNDERTOW|ECHO DELAY|CONVOLVER|VALVE|HEAT|DISTORTION|BITCRUSHER|PUMP|CEILING|MULTIBAND|PHASER PAN|FLANGER|STEREO PAN|CONTOUR|FILTER|PRISM|HALO|SPACES|STEREO IMAGER|MARBLE|PARLOUR
fx2.on	toggle	1.00000	2	on|off
fx2.mix	slider	1.00000	0	0.0000..1.0000
fx2.layer	slider	0.50000	0	0.0000..1.0000
fx2.p1	slider	0.00000	0	0.0000..1.0000
fx2.p2	slider	0.00000	0	0.0000..1.0000
fx2.p3	slider	0.00000	0	0.0000..1.0000
fx2.p4	slider	0.00000	0	0.0000..1.0000
fx2.p5	slider	0.00000	0	0.0000..1.0000
fx2.p6	slider	0.00000	0	0.0000..1.0000
fx2.p7	slider	0.00000	0	0.0000..1.0000
fx2.p8	slider	0.00000	0	0.0000..1.0000
fx2.p9	slider	0.00000	0	0.0000..1.0000
fx2.p10	slider	0.00000	0	0.0000..1.0000
fx2.p11	slider	0.00000	0	0.0000..1.0000
fx2.p12	slider	0.00000	0	0.0000..1.0000
fx2.p13	slider	0.00000	0	0.0000..1.0000
fx2.p14	slider	0.00000	0	0.0000..1.0000
fx2.p15	slider	0.00000	0	0.0000..1.0000
fx2.p16	slider	0.00000	0	0.0000..1.0000
fx2.p17	slider	0.00000	0	0.0000..1.0000
fx2.p18	slider	0.00000	0	0.0000..1.0000
fx2.p19	slider	0.00000	0	0.0000..1.0000
fx2.p20	slider	0.00000	0	0.0000..1.0000
fx2.p21	slider	0.00000	0	0.0000..1.0000
fx2.p22	slider	0.00000	0	0.0000..1.0000
fx2.p23	slider	0.00000	0	0.0000..1.0000
fx2.p24	slider	0.00000	0	0.0000..1.0000
fx2.p25	slider	0.00000	0	0.0000..1.0000
fx2.p26	slider	0.00000	0	0.0000..1.0000
fx2.p27	slider	0.00000	0	0.0000..1.0000
fx2.p28	slider	0.00000	0	0.0000..1.0000
fx3.type	combo	0.00000	23	NONE|PS DELAY|UNDERTOW|ECHO DELAY|CONVOLVER|VALVE|HEAT|DISTORTION|BITCRUSHER|PUMP|CEILING|MULTIBAND|PHASER PAN|FLANGER|STEREO PAN|CONTOUR|FILTER|PRISM|HALO|SPACES|STEREO IMAGER|MARBLE|PARLOUR
fx3.on	toggle	1.00000	2	on|off
fx3.mix	slider	1.00000	0	0.0000..1.0000
fx3.layer	slider	0.50000	0	0.0000..1.0000
fx3.p1	slider	0.00000	0	0.0000..1.0000
fx3.p2	slider	0.00000	0	0.0000..1.0000
fx3.p3	slider	0.00000	0	0.0000..1.0000
fx3.p4	slider	0.00000	0	0.0000..1.0000
fx3.p5	slider	0.00000	0	0.0000..1.0000
fx3.p6	slider	0.00000	0	0.0000..1.0000
fx3.p7	slider	0.00000	0	0.0000..1.0000
fx3.p8	slider	0.00000	0	0.0000..1.0000
fx3.p9	slider	0.00000	0	0.0000..1.0000
fx3.p10	slider	0.00000	0	0.0000..1.0000
fx3.p11	slider	0.00000	0	0.0000..1.0000
fx3.p12	slider	0.00000	0	0.0000..1.0000
fx3.p13	slider	0.00000	0	0.0000..1.0000
fx3.p14	slider	0.00000	0	0.0000..1.0000
fx3.p15	slider	0.00000	0	0.0000..1.0000
fx3.p16	slider	0.00000	0	0.0000..1.0000
fx3.p17	slider	0.00000	0	0.0000..1.0000
fx3.p18	slider	0.00000	0	0.0000..1.0000
fx3.p19	slider	0.00000	0	0.0000..1.0000
fx3.p20	slider	0.00000	0	0.0000..1.0000
fx3.p21	slider	0.00000	0	0.0000..1.0000
fx3.p22	slider	0.00000	0	0.0000..1.0000
fx3.p23	slider	0.00000	0	0.0000..1.0000
fx3.p24	slider	0.00000	0	0.0000..1.0000
fx3.p25	slider	0.00000	0	0.0000..1.0000
fx3.p26	slider	0.00000	0	0.0000..1.0000
fx3.p27	slider	0.00000	0	0.0000..1.0000
fx3.p28	slider	0.00000	0	0.0000..1.0000
upper.tw.cutoff	slider	1.00000	0	0.0000..1.0000
upper.tw.res	slider	0.00000	0	0.0000..1.0000
upper.tw.envAmt	slider	0.50000	0	0.0000..1.0000
upper.tw.keytrack	slider	0.00000	0	0.0000..1.0000
upper.svf.envAmt	slider	0.50000	0	0.0000..1.0000
upper.svf.velocity	slider	0.00000	0	0.0000..1.0000
upper.svf.keytrack	slider	0.00000	0	0.0000..1.0000
upper.tw.resComp	toggle	1.00000	2	on|off
lower.tw.cutoff	slider	1.00000	0	0.0000..1.0000
lower.tw.res	slider	0.00000	0	0.0000..1.0000
lower.tw.envAmt	slider	0.50000	0	0.0000..1.0000
lower.tw.keytrack	slider	0.00000	0	0.0000..1.0000
lower.svf.envAmt	slider	0.50000	0	0.0000..1.0000
lower.svf.velocity	slider	0.00000	0	0.0000..1.0000
lower.svf.keytrack	slider	0.00000	0	0.0000..1.0000
lower.tw.resComp	toggle	1.00000	2	on|off
